{
        
  "issuerURL": "https://idfed-preprod.mpsa.com:443",
    "redirectURI": "http://localhost:4200",
    "clientID": "RUSUYXQXMCWUZKPFDQKVKFJCWVDWPCDO",
    "dummyClientSecretVar": "Guuy2piGnPqzetHP1E6quFvNIHpFqcRvjsrgyaxnlenKoti1JRpAfCXtaOVGZ5MQ",
    "tokenEndpoint": "https://idfed-preprod.mpsa.com:443/as/token.oauth2",
    "responseType": "code",
    "scopeVar": "openid",
    "logoutUrl": "https://idfed-preprod.mpsa.com:443/idp/startSLO.ping",
    "version":"1.0"
    
 }

 
 