[
    {"vin" : "VR1X2DGRM2800544" , "bin1" : "34760C0004555" , "bin2" : "34FV0Y0002686" , "errormessage" : "ERR1-001 : 34760C004555 unknown in CORBAT" , "date" : "02/07/2021" , "num" :"201805222302251000" , "typ" :"BIN" , "eme" : "CORVET" , "DST" : "CORBET" , "had" : "20180522120000", "popup":true},
    {"vin" : "VR1X2DGRM2801234" , "bin1" : "34760C0000145" , "bin2" : "34FV0Y0000146" , "errormessage" : "ERR1-002 : 34760C0000145 not present on a vehicle" , "date" : "01/08/2021" , "num" :"201805222302251000" , "typ" :"BIN" , "eme" : "CORVET" , "DST" : "CORBET" , "had" : "20180522120001", "popup":true},
    {"vin" : "VR1F4DGYTM1023773" , "bin1" : "34760C0000152" , "bin2" : "34FV0Y0000213" , "errormessage" : "ERR1-003 : 34760C0000152 not present on VR1F4DGYTM1023773 : removed from VR1F4DGYTM1071889" , "date" : "06/09/2021" , "num" :"201805222302251000" , "typ" :"BIN" , "eme" : "CORVET" , "DST" : "CORBET" , "had" : "20180522120002", "popup":true},
    {"vin" : "VR1F45GGTM1022246" , "bin1" : "34760C0000272" , "bin2" : "34FV0Y0000311" , "errormessage" : "ERR1-004 : 34760C0000311 unknown in CORBAT" , "date" : "05/12/2021" , "num" :"201805222302251000" , "typ" :"BIN" , "eme" : "CORVET" , "DST" : "CORBET" , "had" : "20180522120003", "popup":false},
    {"vin" : "VR3USHNSSMJ769332" , "bin1" : "34FV0Y0005456" , "bin2" : "34FV0Y0005522" , "errormessage" : "ERR1-005 : 34760C0005522 removed form VR3USHNSSMJ712453" , "date" : "12/17/2021" , "num" :"201805222302251000" , "typ" :"BIN" , "eme" : "CORVET" , "DST" : "CORBET" , "had" : "20180522120004", "popup":false},
    {"vin" : "VR3USHNSSMJ769465" , "bin1" : "34FV0Y0002805" , "bin2" : "34FV0Y0002815" , "errormessage" : "ERR1-006 : 34760C0002815 to move on the vehicle with status 4" , "date" : "03/22/2021" , "num" :"201805222302251000" , "typ" :"BIN" , "eme" : "CORVET" , "DST" : "CORBET" , "had" : "20180522120005", "popup":false}
    
]