[
    
    {"hardware":"9835675283" ,
      "software":"9694523678" ,
      "serial":"420309734783476", 
      "prod_date":"27/09/2019",
      "supplier":"000000074",
     "calibration":"9738243674",
     "update_date":"13/07/2020",
     "update_user":"CORVET" 
    },
    {"hardware":"98356752363" ,
        "software":"969452238" ,
        "serial":"4234309734783476", 
        "prod_date":"27/09/2009",
        "supplier":"000000075",
       "calibration":"9738243474",
       "update_date":"15/07/2010",
       "update_user":"E604126" 
      },
      {"hardware":"9835675224" ,
        "software":"9694233678" ,
        "serial":"3470309734783476", 
        "prod_date":"30/05/2019",
        "supplier":"000000051",
       "calibration":"9738243674",
       "update_date":"13/07/2020",
       "update_user":"CORVET" 
      },
      {"hardware":"78835675283" ,
        "software":"4594523678" ,
        "serial":"364509734783476", 
        "prod_date":"07/09/2018",
        "supplier":"000000055",
       "calibration":"9738243674",
       "update_date":"13/07/2020",
       "update_user":"E595678" 
      },
       {"hardware":"9835675224" ,
        "software":"9694233678" ,
        "serial":"3470309734783476", 
        "prod_date":"30/05/2019",
        "supplier":"000000051",
       "calibration":"9738243674",
       "update_date":"13/07/2020",
       "update_user":"CORVET" 
      },
      {"hardware":"98356752363" ,
        "software":"969452238" ,
        "serial":"4234309734783476", 
        "prod_date":"27/09/2009",
        "supplier":"000000075",
       "calibration":"9738243474",
       "update_date":"15/07/2010",
       "update_user":"E604126" 
      }
 
]