[
    {
        "reference":"9846753728",
        "description":"BATTERY HAUTTE TENSION ENS",
        "vin":"VR3H72UJUK28",
        "update_date":"12/04/2019",
        "update_user":"CORVET",
        "factory":"TA-",
        "production_date":"12/07/2020",
        "engagement_date":"03/12/2020",
        "status":"2-ON VEHICLE",
        "sgr":"765-",
        "shed":"PKBA1"
    },
    {
        "reference":"93435753728",
        "description":"BATTERY E2PJO",
        "vin":"VR3H72UJUK28",
        "update_date":"11/05/2019",
        "update_user":"CORBATT",
        "factory":"TA-",
        "production_date":"07/07/2010",
        "engagement_date":"09/12/2011",
        "status":"2-ON Produced",
        "sgr":"765-",
        "shed":"PKBA1"
    }
    
]