[
{
    "Drop_file_date":"12/10/12 10:40:03",
    "Start_of_treatment":"01/10/14 10:40:03",
     "End_of_treatment":"10/10/18 10:40:03",
     "processing_time":"00:00:05",
    "Number_of_lines":365,
     "Lines_Ok":15,
     "Lines_Ko":14,
    "User":"E604126",
     "Advancement":"waiting"
},
{
    "Drop_file_date":"26/06/18 14:12:00",
    "Start_of_treatment":"04/36/18 03:12:54",
     "End_of_treatment":"23/12/20",
     "processing_time":"00:00:08",
    "Number_of_lines":345,
     "Lines_Ok":20,
     "Lines_Ko":56,
    "User":"E604129",
     "Advancement":"program"
}









]