[
    {
    "component":"MODULE",  
    "module":"MB1KACCA971044 MB1KACCA971042",  
    "submedal":"",  
    "reference":"", 
    "production":"", 
    "engagement":"",  
    "factory":""
    },
    {
        "component":"SUB-ASSEMBLY",  
        "module":"MB1KACCA971047 MB1KACCA971067 MB1KACCA971086 MB1KACCA971098 MB1KACCA971018 MB1KACCA971045",  
        "submedal":"RA76020030582",  
        "reference":"9837634783", 
        "production":"12/10/2020", 
        "engagement":"14/11/2021",  
        "factory":"TA-"
        },
        {
        "component":"SUB-ASSEMBLY",  
        "module":"MB1KACCA971047 MB1KACCA971077 MB1KACCA971087 MB1KACCA971067 MB1KACCA971043 MB1KACCA971045",  
        "submedal":"RA76020030123",  
        "reference":"9837634683", 
        "production":"09/10/2020", 
        "engagement":"10/11/2020",  
        "factory":"TA-"
            
            }
]