[
    {
        "action_type":"C",
        "category":"MODULE OF SUB ASSEMBLY", 
        "id_sub_assembly":"RA76020030582", 
        "oldvalue":"", 
        "newvalue":"MB1KACCA971045", 
        "updateDate":"12/03/20201", 
        "user":"CORVET"
    },
    {
        "action_type":"S",
        "category":"MODULE OF SUB ASSEMBLY", 
        "id_sub_assembly":"RA76020030582", 
        "oldvalue":"MB1KACCA971067", 
        "newvalue":"", 
        "updateDate":"11/04/20201", 
        "user":"CORVET"
    },
    {
        "action_type":"C",
        "category":"MODULE", 
        "id_sub_assembly":"", 
        "oldvalue":"", 
        "newvalue":"MB1KACCA971032", 
        "updateDate":"05/05/2021", 
        "user":"E604126"
    },
    {
        "action_type":"S",
        "category":"MODULE", 
        "id_sub_assembly":"", 
        "oldvalue":"MB1KACCA971042", 
        "newvalue":"", 
        "updateDate":"09/02/2021", 
        "user":"E567843"
    },
    {
        "action_type":"C",
        "category":"SUB-ASSEMBLY", 
        "id_sub_assembly":"", 
        "oldvalue":"", 
        "newvalue":"MB1KACCA971067", 
        "updateDate":"08/11/2021", 
        "user":"E604126"
    },
    {
        "action_type":"S",
        "category":"SUB-ASSEMBLY", 
        "id_sub_assembly":"", 
        "oldvalue":"MB1KACCA971083", 
        "newvalue":"", 
        "updateDate":"26/12/2021", 
        "user":"E595763"
    }
]