[
    {
        "charge":"24",
        "health":"100",
        "ins_resistance":"6000",
        "int_resistance":"92",
        "update_date":"13/08/2019",
        "update_user":"CORVET",
        "min_cell_value":"3525",
        "max_cell_value":"3535",
        "voltage":"381",
        "temp":"18"
    },
    {
        "charge":"23",
        "health":"100",
        "ins_resistance":"5900",
        "int_resistance":"91",
        "update_date":"23/08/2017",
        "update_user":"CORVET",
        "min_cell_value":"3524",
        "max_cell_value":"3534",
        "voltage":"379",
        "temp":"17"
    },
    {
        "charge":"22",
        "health":"100",
        "ins_resistance":"5800",
        "int_resistance":"90",
        "update_date":"13/08/2016",
        "update_user":"CORVET",
        "min_cell_value":"3521",
        "max_cell_value":"3532",
        "voltage":"378",
        "temp":"16"

    }
]