[
    {"code" : "LBL-0001", "english" : "18P-BMU hardware reference", "francais" : "18P-référence matériel BMU"},
    {"code" : "LBL-0002", "english" : "38P-BMU software reference", "francais" : "38P-référence logiciel BMU"},
    {"code" : "LBL-0003", "english" : "48P-BMU serial number", "francais" : "48P-numéro de série BMU"},
    {"code" : "LBL-0004", "english" : "58P-BMU production date (DD/MM/YYYY)", "francais" : "58P-Date de production BMU (JJ/MM/AAAA)"},
    {"code" : "LBL-0005", "english" : "68P-BMU supplier code", "francais" : "68P-Code fournisseur BMU "},
    {"code" : "LBL-0006", "english" : "98P-BMU calibration reference", "francais" : "98P-référence d'étalonnage BMU"}
  
]